Category 1,Category 2,Category 3
Air Filters,cars and trucks,
Air Filters,filter wraps,
Air Filters,filter cleaner,
Air Filters,powersports,
Air Filters,marine,
Air Filters,heavy-duty,
Air Filters,crankcase vent breather filters,
Air Filters,industrial and small engine,
Air Filters,universal,
Cold Air Intakes,cars and trucks,
Cold Air Intakes,diesel-trucks,
Cold Air Intakes,RV,
Cold Air Intakes,powersports,
Cabin Air Filters,cars and trucks,
Cabin Air Filters,heavy-duty,
Oil Filters,cars and trucks,
Oil Filters,powersports,
Oil Filters,heavy-duty,
Oil Filters,marine,
Speed Shop,Tuning,
Speed Shop,Racing,14 inch and 16 inch assemblies
Speed Shop,Racing,11 inch assemblies
Speed Shop,Racing,9 inch assemblies
Speed Shop,Racing,7 inch assemblies
Speed Shop,Racing,Custom 66 assemblies
Speed Shop,Racing,Custom Lids and Baseplates
Speed Shop,Racing,Custom Assemblies with Carburetor Applications
Speed Shop,Racing,Nostalgia Air Filter Assemblies
Speed Shop,Racing,XStream&reg; Air Flow Assemblies
Speed Shop,Racing,Flow Control System
Speed Shop,Exhaust,
Speed Shop,Accessories,Apparel
Speed Shop,Accessories,Promotional
Speed Shop,Accessories,Stubstacks
Speed Shop,Accessories,Plenums & Weber Adapter
Speed Shop,Accessories,Carbon Fiber Composites
Speed Shop,Accessories,Air Filter Accessories
Speed Shop,Accessories,Filter Minder&reg; Gauges
Speed Shop,Accessories,Inline Fuel/Oil Filters
Speed Shop,Accessories,Inline Fuel Filters
Speed Shop,Accessories,Diesel Fuel Filters
Speed Shop,Accessories,Inline Fuel Pumps
HVAC,,
Air Cleaner Assembly,,
Air Cleaner Cover,,
Air Cleaner Mount,,
Air Cleaner Mounting Gasket,,
Air Filter,,
Air Filter Cleaner,,
Air Filter Cover Assembly,,
Air Filter Set,,
Air Filter Wrap,,
Air Intake Hose,,
Air Intake Hose Clamp,,
Air Intake Scoop,,
Apparel - Other,,
Cabin Air Filter,,
Catalogs and Promotional Materials,,
Cold Air Intake Performance Kit,,
Cold Air Intake Tube,,
Crankcase Breather Element,,
Display Banner,,
Exhaust System Kit,,
Fuel Filter,,
Fuel Injection Throttle Body Spacer,,
Hose Coupler,,
Jet Kit,,
Oil Filter,,
Other,,
Powersports Accessories,,
